id,customer_id,employee_id,bank_id,opening_date,account_type
2,823,341,67,11-08-2016,Current
3,1728,628,83,01-10-2017,Saving
4,3729,49,32,15-09-2018,Current
5,1177,316,28,17-03-2020,Current
6,2626,685,15,04-08-2021,Saving
7,1517,986,67,09-07-2017,Current
8,4558,842,6,01-01-2020,Saving
9,901,946,49,21-09-2018,Saving
10,22,189,10,20-09-2018,Saving
11,3256,48,81,19-01-2019,Saving
12,4577,30,16,16-02-2017,Current
13,1292,702,27,20-09-2023,Saving
14,3947,556,52,19-04-2024,Current
15,4330,690,96,21-08-2017,Saving
16,3977,571,16,02-06-2025,Current
17,3221,44,29,13-12-2018,Saving
18,258,22,100,13-11-2020,Saving
19,2638,125,70,02-03-2024,Saving
20,1940,739,13,30-11-2020,Saving
21,1335,913,2,12-05-2019,Current
22,4058,131,85,19-01-2021,Current
23,4356,621,39,23-10-2020,Saving
24,378,399,42,09-01-2016,Current
25,3324,496,60,17-04-2020,Saving
26,2407,818,58,18-06-2021,Saving
27,664,890,18,18-11-2018,Saving
28,2,762,53,31-03-2019,Saving
29,2398,1,79,13-11-2015,Current
30,3230,19,99,20-03-2018,Current
31,1390,275,91,26-03-2021,Current
32,405,784,79,16-10-2015,Saving
33,1282,799,56,10-05-2016,Saving
34,4757,759,41,23-11-2023,Saving
35,3354,767,78,09-12-2016,Current
36,4356,550,81,02-02-2022,Current
37,874,889,82,10-09-2024,Current
38,594,131,44,26-01-2018,Current
39,3508,32,70,04-12-2024,Current
40,3350,295,27,29-04-2017,Saving
41,3007,86,48,02-02-2023,Saving
42,2418,352,10,13-07-2018,Saving
43,4472,633,58,30-09-2018,Saving
44,3635,74,29,09-05-2018,Saving
45,852,39,11,17-06-2022,Current
46,3780,795,96,03-04-2023,Saving
47,2934,70,32,12-12-2015,Current
48,4421,633,81,17-07-2016,Current
49,1650,293,33,03-03-2018,Saving
50,2834,694,66,23-03-2019,Saving
51,1972,942,4,01-01-2024,Saving
52,4499,10,91,12-05-2025,Saving
53,495,740,34,24-05-2018,Current
54,3408,621,34,05-01-2025,Current
55,2620,465,64,22-04-2023,Saving
56,2945,33,76,08-06-2019,Saving
57,1653,732,5,15-10-2015,Current
58,2402,594,41,04-02-2025,Saving
59,2311,607,64,24-12-2022,Saving
60,680,413,10,19-11-2021,Current
61,1742,37,95,06-12-2022,Current
62,2286,929,72,26-10-2018,Saving
63,730,585,25,24-06-2023,Current
64,3528,561,96,11-09-2021,Saving
65,1470,41,52,29-11-2024,Current
66,476,298,30,16-08-2024,Saving
67,2756,961,96,23-09-2015,Saving
68,3861,939,87,18-01-2025,Saving
69,4377,571,6,19-10-2022,Current
70,195,146,22,04-02-2016,Saving
71,4729,776,43,31-12-2024,Current
72,2968,589,85,15-02-2017,Current
73,3852,835,68,28-01-2018,Current
74,1467,317,66,28-07-2017,Current
75,4578,407,39,13-01-2022,Current
76,3848,179,30,15-01-2021,Saving
77,1948,962,82,02-11-2020,Current
78,4212,143,57,01-05-2024,Saving
79,4501,53,82,17-02-2024,Current
80,1678,971,59,28-03-2018,Current
81,1404,337,10,29-10-2015,Saving
82,436,691,31,18-03-2021,Saving
83,4784,698,3,25-06-2025,Saving
84,1248,826,94,11-12-2015,Saving
85,1222,18,50,17-12-2016,Current
86,2125,145,6,18-06-2024,Current
87,1958,124,98,09-09-2020,Current
88,3062,722,88,18-02-2023,Saving
89,4313,544,37,04-11-2021,Saving
90,2959,412,51,27-02-2025,Saving
91,2005,816,66,20-10-2020,Current
92,1827,636,74,12-09-2015,Saving
93,3764,417,88,21-07-2018,Saving
94,2698,482,89,16-06-2021,Saving
95,357,491,36,21-02-2019,Current
96,3333,670,21,02-03-2023,Saving
97,4581,466,12,23-11-2016,Saving
98,353,901,17,23-05-2022,Saving
99,2011,611,65,04-12-2021,Saving
100,3770,979,94,04-02-2025,Saving
101,1949,34,25,07-12-2016,Current
102,4740,769,75,19-10-2022,Saving
103,1340,919,30,12-08-2024,Saving
104,4072,483,58,25-11-2016,Current
105,2953,960,97,13-04-2021,Saving
106,4877,257,35,05-06-2019,Current
107,4813,94,66,24-03-2024,Saving
108,3605,715,51,20-04-2018,Current
109,3681,709,58,30-11-2018,Saving
110,804,113,65,06-03-2018,Saving
111,208,528,94,13-12-2024,Current
112,1422,24,8,03-03-2022,Saving
113,1083,488,49,16-12-2017,Current
114,4651,672,55,05-07-2019,Current
115,2487,645,59,31-12-2019,Current
116,2499,357,100,04-07-2025,Current
117,215,779,10,29-01-2017,Saving
118,4622,383,46,02-12-2018,Current
119,4247,554,57,22-08-2018,Saving
120,823,281,92,19-09-2021,Current
121,1186,870,93,19-11-2018,Saving
122,3945,180,61,13-05-2021,Saving
123,4336,281,88,14-12-2016,Current
124,1334,216,97,14-02-2019,Current
125,3399,427,68,30-06-2023,Saving
126,1691,544,28,18-12-2015,Current
127,507,822,82,05-03-2016,Saving
128,4341,368,39,12-12-2021,Saving
129,1765,327,62,24-09-2019,Saving
130,1918,903,15,05-03-2023,Current
131,1772,10,80,20-09-2016,Saving
132,4419,701,28,11-10-2015,Saving
133,4267,316,54,12-05-2019,Saving
134,3647,874,58,26-01-2024,Current
135,251,812,84,17-06-2021,Current
136,2701,604,10,15-12-2016,Current
137,4661,572,20,12-02-2016,Current
138,2693,63,34,06-09-2017,Saving
139,579,101,23,15-09-2020,Saving
140,3975,538,23,11-10-2022,Saving
141,3183,596,32,20-12-2017,Current
142,2407,691,66,27-02-2016,Saving
143,4539,483,96,23-01-2020,Saving
144,4888,861,87,08-09-2018,Saving
145,2128,715,69,10-11-2023,Current
146,1352,913,20,09-03-2023,Saving
147,3444,998,94,23-07-2015,Saving
148,1254,578,81,04-01-2022,Current
149,3483,411,17,08-09-2020,Saving
150,843,4,80,04-06-2020,Current
151,1408,285,52,29-04-2023,Saving
152,3377,453,96,21-10-2015,Current
153,4171,833,60,17-07-2020,Current
154,3275,357,15,21-01-2019,Current
155,3785,387,5,07-04-2024,Saving
156,67,337,77,30-01-2023,Saving
157,1271,34,57,09-05-2023,Saving
158,1762,581,24,21-07-2019,Current
159,1133,240,65,13-02-2017,Current
160,3959,785,2,15-01-2023,Saving
161,2759,336,94,25-08-2016,Saving
162,2400,267,95,05-12-2022,Saving
163,60,290,81,05-10-2016,Current
164,655,177,15,11-08-2018,Current
165,2673,567,16,10-05-2019,Saving
166,3185,61,26,15-03-2017,Current
167,3990,36,50,24-06-2019,Saving
168,3248,972,7,14-10-2020,Current
169,4931,171,16,10-03-2017,Current
170,2436,391,53,07-02-2016,Current
171,2480,982,50,17-08-2023,Current
172,3786,882,99,02-03-2024,Saving
173,4714,731,2,16-06-2018,Current
174,1285,210,57,08-04-2024,Saving
175,161,934,37,05-02-2018,Saving
176,60,141,4,30-01-2023,Saving
177,4074,65,78,02-04-2023,Saving
178,2508,286,90,16-09-2023,Saving
179,3741,6,76,12-02-2019,Current
180,2956,760,38,27-09-2017,Saving
181,2630,438,43,05-05-2018,Saving
182,4883,136,90,29-01-2024,Current
183,4149,579,93,15-06-2024,Saving
184,171,364,38,09-04-2022,Saving
185,3949,568,85,03-09-2024,Saving
186,811,401,34,09-06-2022,Saving
187,899,661,51,02-11-2017,Current
188,154,318,76,05-04-2016,Current
189,4557,724,23,18-12-2019,Saving
190,4365,249,23,27-07-2023,Current
191,3656,371,98,16-05-2018,Current
192,1883,658,92,27-03-2025,Saving
193,3629,956,8,15-02-2024,Saving
194,534,8,84,25-10-2024,Saving
195,3198,982,96,27-05-2016,Current
196,2386,556,45,17-01-2020,Saving
197,886,46,42,13-09-2022,Saving
198,1749,705,56,20-08-2016,Saving
199,1104,449,55,06-03-2017,Saving
200,3131,205,9,22-04-2025,Current
201,197,525,12,15-10-2018,Saving
202,3075,1000,82,04-08-2018,Saving
203,4142,641,33,23-04-2017,Current
204,1746,925,44,17-09-2017,Saving
205,3681,364,99,04-04-2016,Current
206,3699,911,96,21-10-2020,Current
207,2418,818,70,19-09-2022,Saving
208,320,78,33,10-08-2024,Current
209,20,493,36,09-12-2023,Saving
210,73,903,11,19-05-2024,Current
211,3272,997,58,09-05-2025,Saving
212,912,581,23,01-04-2023,Current
213,2951,806,23,27-05-2016,Current
214,1775,691,39,29-09-2020,Current
215,2619,833,41,22-09-2023,Current
216,1535,915,32,09-03-2024,Current
217,3169,93,94,25-02-2023,Current
218,4532,168,37,21-01-2019,Current
219,1452,817,74,30-07-2016,Saving
220,2926,16,2,10-05-2022,Saving
221,1719,112,13,19-10-2018,Current
222,945,685,26,20-07-2015,Saving
223,3594,956,51,12-06-2021,Current
224,4469,627,47,26-01-2023,Current
225,3413,687,27,03-05-2017,Saving
226,63,671,18,17-04-2016,Current
227,87,283,99,25-11-2023,Saving
228,1717,511,63,04-08-2021,Current
229,91,630,56,07-10-2019,Current
230,3754,721,59,17-06-2017,Current
231,3321,181,30,27-08-2021,Current
232,1764,634,48,12-08-2016,Saving
233,3911,478,57,09-02-2022,Current
234,2974,825,43,10-08-2023,Current
235,3811,286,83,19-03-2018,Current
236,917,850,64,09-11-2020,Current
237,4043,242,10,23-04-2025,Current
238,176,868,40,30-11-2017,Saving
239,4780,128,20,27-06-2025,Current
240,3167,189,86,23-01-2019,Saving
241,2334,210,34,25-04-2017,Saving
242,50,773,61,24-09-2018,Current
243,4723,57,44,05-04-2017,Current
244,649,126,76,05-09-2021,Current
245,2972,582,61,25-04-2024,Current
246,2154,717,59,26-05-2025,Saving
247,4774,237,27,16-09-2023,Saving
248,4832,548,56,09-07-2016,Saving
249,2545,190,52,05-01-2025,Current
250,3929,357,32,20-07-2018,Saving
251,4881,537,25,02-11-2018,Current
252,2633,833,83,06-11-2017,Saving
253,4298,355,57,27-09-2023,Current
254,3017,327,52,24-06-2025,Current
255,1545,501,46,29-07-2018,Current
256,3938,500,11,11-06-2023,Current
257,2176,50,16,05-01-2022,Saving
258,1438,857,31,21-11-2023,Saving
259,1050,46,93,31-05-2022,Saving
260,2852,197,20,22-08-2024,Current
261,4348,552,33,30-03-2024,Saving
262,2708,248,47,14-05-2024,Current
263,3711,777,84,22-02-2018,Saving
264,668,10,47,31-08-2020,Current
265,575,592,52,03-11-2017,Current
266,1357,60,76,06-07-2018,Current
267,2864,992,56,24-04-2019,Saving
268,403,626,75,18-01-2022,Saving
269,4600,806,44,28-10-2018,Current
270,1744,66,50,13-11-2022,Current
271,3371,327,65,11-09-2024,Saving
272,3513,797,25,03-08-2015,Current
273,3513,948,87,07-12-2019,Saving
274,1037,665,51,24-04-2023,Current
275,4813,473,11,16-07-2022,Saving
276,2159,74,65,27-06-2023,Saving
277,996,760,21,14-03-2023,Current
278,4329,476,26,28-03-2020,Saving
279,3886,383,43,04-06-2020,Current
280,83,677,21,07-04-2021,Current
281,1093,334,57,07-11-2020,Current
282,3575,638,20,03-12-2017,Saving
283,2577,23,67,05-09-2023,Current
284,3382,802,94,31-12-2015,Saving
285,58,896,21,04-08-2020,Current
286,3525,85,8,24-01-2023,Saving
287,4335,634,37,11-06-2016,Current
288,3079,958,52,01-11-2018,Current
289,3030,553,69,19-09-2024,Saving
290,735,929,2,06-07-2018,Saving
291,3345,124,7,04-09-2015,Current
292,4571,11,84,28-10-2018,Current
293,991,987,77,14-03-2023,Current
294,1968,341,40,09-05-2018,Saving
295,1953,647,46,11-02-2018,Saving
296,3160,336,70,24-01-2020,Saving
297,4838,958,21,21-03-2020,Current
298,3355,168,70,31-03-2020,Saving
299,3011,744,41,11-07-2022,Current
300,4760,674,87,05-11-2023,Saving
301,902,889,87,29-03-2020,Current
302,2831,518,2,18-08-2018,Saving
303,2143,453,47,19-03-2025,Saving
304,3512,574,51,13-11-2016,Saving
305,4416,317,8,28-03-2020,Saving
306,154,887,74,26-06-2024,Saving
307,2975,145,21,03-10-2023,Saving
308,2106,734,32,20-01-2017,Current
309,421,261,7,12-10-2020,Saving
310,49,615,75,29-05-2019,Saving
311,211,252,100,09-09-2023,Current
312,2175,297,70,17-06-2024,Current
313,2916,680,3,04-03-2023,Saving
314,118,721,62,09-10-2022,Current
315,613,473,25,16-04-2016,Saving
316,3500,620,71,19-04-2021,Current
317,4878,255,52,14-03-2016,Saving
318,1213,822,3,26-08-2019,Current
319,2986,513,39,26-01-2018,Saving
320,4188,901,67,07-05-2018,Saving
321,2742,559,61,04-10-2018,Current
322,1759,27,16,13-12-2021,Current
323,4000,105,98,20-11-2024,Current
324,3652,578,92,08-02-2016,Saving
325,3041,689,51,02-02-2021,Current
326,4032,310,59,28-06-2025,Current
327,4293,717,90,17-01-2024,Saving
328,772,854,61,29-09-2015,Saving
329,2539,430,60,12-01-2017,Current
330,4773,293,64,15-11-2019,Saving
331,919,312,88,02-08-2016,Saving
332,196,528,70,11-08-2024,Saving
333,3312,855,53,21-04-2022,Current
334,4177,518,12,21-09-2022,Current
335,4675,38,6,11-09-2024,Saving
336,1667,814,18,15-07-2021,Current
337,4939,883,35,01-12-2018,Saving
338,1774,569,7,12-10-2024,Current
339,784,659,51,24-09-2019,Current
340,4981,441,27,28-06-2024,Saving
341,4323,55,42,09-07-2018,Saving
342,1879,707,35,13-05-2023,Current
343,1088,666,45,25-07-2018,Saving
344,44,606,33,28-06-2025,Saving
345,2155,311,31,22-07-2024,Current
346,4683,514,65,28-10-2020,Saving
347,4041,641,72,11-08-2019,Current
348,3091,634,10,18-10-2024,Current
349,2064,916,2,29-04-2019,Saving
350,621,994,29,19-06-2016,Current
351,682,402,29,05-10-2016,Current
352,3937,380,50,29-03-2016,Current
353,2248,547,84,08-08-2020,Saving
354,4141,542,11,10-02-2016,Current
355,687,769,76,30-06-2023,Current
356,698,938,100,18-11-2024,Saving
357,3471,520,36,01-07-2021,Saving
358,4675,345,65,09-06-2017,Saving
359,3493,11,18,10-12-2015,Saving
360,923,843,69,21-01-2016,Saving
361,4892,533,14,04-11-2022,Current
362,651,413,97,27-08-2017,Current
363,1808,176,9,20-07-2015,Current
364,2829,883,11,09-02-2025,Saving
365,4930,798,92,28-04-2016,Current
366,61,695,43,02-09-2021,Current
367,3441,858,55,13-01-2016,Saving
368,3773,651,67,14-04-2016,Saving
369,4140,90,100,01-05-2016,Current
370,1104,236,53,13-10-2019,Saving
371,2538,588,65,17-12-2019,Saving
372,884,92,27,30-01-2020,Saving
373,915,857,71,27-06-2018,Saving
374,4389,282,7,15-03-2020,Current
375,4630,754,43,16-03-2020,Current
376,3285,300,25,22-01-2021,Current
377,747,595,56,14-12-2019,Current
378,4388,438,25,23-04-2022,Saving
379,1866,155,65,02-02-2021,Saving
380,199,576,1,09-09-2016,Current
381,3748,617,68,02-11-2024,Current
382,3435,218,6,21-02-2016,Current
383,1452,216,16,10-09-2021,Current
384,336,260,3,20-05-2022,Current
385,27,520,87,11-04-2024,Current
386,4682,416,66,12-06-2019,Current
387,3147,499,73,10-08-2022,Saving
388,3145,888,61,30-01-2016,Current
389,2960,209,25,27-08-2022,Saving
390,2511,499,23,13-08-2015,Current
391,587,947,47,06-06-2020,Current
392,3895,972,96,07-05-2018,Saving
393,2322,900,45,09-11-2017,Current
394,512,866,98,03-02-2025,Current
395,884,619,20,24-11-2022,Saving
396,1337,642,52,13-05-2020,Saving
397,668,435,45,02-09-2023,Current
398,4568,822,96,13-10-2017,Current
399,4462,587,70,25-04-2016,Current
400,3043,334,27,07-04-2021,Current
401,363,371,70,14-09-2020,Current
402,4954,475,50,09-04-2020,Saving
403,984,745,60,07-02-2025,Saving
404,3836,266,49,16-02-2018,Current
405,773,730,59,01-09-2022,Saving
406,3630,315,75,28-05-2020,Saving
407,233,391,92,20-12-2023,Current
408,4270,320,98,09-05-2020,Current
409,4701,969,55,21-07-2018,Current
410,1724,278,43,27-11-2020,Current
411,1159,686,82,17-11-2019,Current
412,2940,87,94,09-02-2023,Current
413,4355,896,74,03-10-2017,Current
414,419,473,82,10-03-2016,Saving
415,2352,369,34,09-05-2016,Saving
416,2793,796,83,31-10-2016,Saving
417,1915,532,60,15-01-2017,Saving
418,861,430,91,26-01-2021,Current
419,4835,95,37,28-05-2023,Current
420,2675,55,11,02-01-2019,Saving
421,4654,382,22,02-07-2018,Saving
422,2883,247,59,08-06-2018,Saving
423,920,525,70,03-01-2025,Current
424,1414,68,76,18-04-2019,Saving
425,109,237,48,19-04-2016,Current
426,1851,773,18,08-06-2017,Current
427,3746,888,41,08-09-2024,Current
428,4704,367,74,30-04-2024,Current
429,160,434,71,06-08-2024,Saving
430,2088,182,60,30-01-2017,Current
431,1288,633,73,07-08-2024,Saving
432,2984,258,88,02-01-2016,Current
433,1837,205,16,24-04-2022,Current
434,3562,382,24,09-04-2020,Saving
435,4846,485,10,20-10-2020,Current
436,3825,187,70,08-03-2021,Saving
437,417,234,20,09-11-2015,Saving
438,3552,346,66,12-10-2019,Saving
439,2483,799,71,26-11-2018,Saving
440,2221,292,30,15-05-2016,Current
441,3869,32,42,22-03-2022,Current
442,1543,109,79,23-11-2015,Current
443,4165,267,84,17-11-2017,Saving
444,1985,721,15,09-12-2022,Saving
445,1113,353,26,21-12-2020,Current
446,468,75,85,06-06-2017,Saving
447,1770,179,74,05-06-2019,Current
448,3315,850,63,30-04-2019,Current
449,4783,183,91,17-12-2016,Current
450,3326,781,8,12-11-2021,Saving
451,4527,288,21,17-02-2017,Current
452,459,182,99,31-08-2023,Saving
453,1587,318,6,09-02-2018,Saving
454,1284,319,27,28-10-2016,Saving
455,2674,837,32,20-07-2017,Saving
456,2011,879,92,25-06-2018,Current
457,923,210,40,30-12-2024,Saving
458,3365,667,92,10-03-2025,Saving
459,3248,575,45,01-02-2017,Current
460,4866,548,52,14-01-2022,Current
461,3733,220,89,22-06-2025,Saving
462,4835,216,15,10-01-2023,Current
463,519,449,89,30-11-2019,Saving
464,2966,619,78,28-01-2023,Saving
465,3097,59,2,23-11-2021,Saving
466,1864,698,98,03-12-2024,Current
467,4087,250,11,11-06-2021,Saving
468,1910,18,74,28-09-2023,Current
469,1469,932,12,28-07-2017,Saving
470,4651,327,31,01-02-2025,Saving
471,4640,798,45,27-05-2017,Current
472,4089,359,25,09-10-2017,Saving
473,1736,981,36,03-01-2023,Saving
474,1328,196,45,30-08-2024,Saving
475,3872,363,5,09-11-2024,Saving
476,203,726,23,19-06-2025,Saving
477,4517,601,60,21-09-2021,Current
478,3596,477,46,13-08-2022,Current
479,1408,682,21,20-12-2016,Saving
480,3020,957,44,14-02-2020,Current
481,4406,129,21,15-04-2024,Saving
482,2404,562,27,16-12-2021,Saving
483,2825,35,38,15-02-2022,Current
484,4930,241,68,25-03-2017,Saving
485,4875,13,46,08-09-2018,Current
486,4529,364,49,03-06-2021,Current
487,1888,807,18,28-06-2018,Saving
488,1918,710,94,10-03-2023,Saving
489,2734,204,30,31-10-2018,Saving
490,388,624,80,16-07-2018,Current
491,3593,902,90,19-07-2023,Saving
492,1154,479,14,28-08-2017,Saving
493,2019,645,59,09-06-2023,Saving
494,1915,484,96,30-03-2021,Saving
495,1731,242,61,15-07-2023,Saving
496,4123,958,94,07-07-2019,Saving
497,4695,50,72,12-02-2021,Current
498,4651,238,25,06-09-2019,Saving
499,3589,683,90,12-12-2020,Current
500,3143,279,73,20-05-2023,Current
501,4487,537,11,19-07-2024,Current
502,2650,445,43,02-01-2025,Saving
503,743,531,91,02-07-2017,Saving
504,2195,135,25,21-01-2019,Current
505,4895,424,89,16-01-2022,Saving
506,2812,766,86,03-06-2021,Saving
507,3026,442,37,21-04-2017,Saving
508,4286,911,36,18-04-2020,Saving
509,3491,180,60,30-10-2016,Current
510,2239,148,66,14-01-2018,Current
511,3335,523,37,22-04-2025,Saving
512,3799,261,3,27-08-2015,Current
513,4724,769,27,26-06-2019,Current
514,3674,442,36,06-06-2022,Current
515,195,914,22,21-01-2022,Current
516,2305,60,11,26-03-2020,Saving
517,4272,216,50,14-05-2021,Saving
518,1683,661,88,31-01-2020,Current
519,1515,26,94,27-11-2022,Saving
520,4002,6,94,13-06-2021,Current
521,2810,538,3,26-05-2022,Saving
522,2312,768,27,04-06-2024,Current
523,1157,397,13,07-06-2020,Current
524,3245,577,57,10-03-2018,Current
525,2977,294,19,28-10-2022,Saving
526,1951,31,86,13-06-2017,Current
527,129,676,20,12-07-2023,Saving
528,2210,819,4,30-03-2022,Saving
529,1903,59,7,08-11-2016,Saving
530,498,550,62,07-02-2022,Saving
531,2981,635,25,17-07-2020,Saving
532,3396,726,45,07-05-2016,Saving
533,3598,161,18,26-06-2020,Current
534,1436,240,30,11-03-2017,Current
535,4875,157,76,01-12-2020,Current
536,3493,271,95,17-10-2024,Current
537,4672,677,75,06-11-2017,Saving
538,3668,249,21,10-09-2024,Saving
539,1976,927,3,30-04-2016,Current
540,1761,437,71,16-04-2020,Current
541,3502,999,70,11-02-2025,Saving
542,2200,526,54,21-12-2016,Current
543,3101,621,63,26-04-2019,Saving
544,1227,872,92,11-12-2017,Saving
545,4757,896,30,08-12-2024,Current
546,4012,276,91,09-03-2021,Saving
547,3179,481,41,12-01-2017,Saving
548,4594,943,94,15-01-2023,Current
549,2873,273,53,28-07-2019,Saving
550,3113,723,63,10-02-2024,Saving
551,2001,831,64,30-04-2023,Saving
552,3148,396,95,03-01-2022,Current
553,15,210,78,06-09-2023,Current
554,3067,213,40,24-08-2020,Current
555,511,288,87,24-03-2025,Saving
556,787,136,16,13-08-2020,Current
557,1259,481,14,01-08-2024,Current
558,471,918,36,26-08-2016,Saving
559,2237,678,80,22-06-2024,Current
560,540,632,90,09-11-2018,Saving
561,4579,41,29,16-07-2025,Current
562,3321,341,19,25-07-2022,Saving
563,4425,196,47,15-08-2019,Current
564,537,334,87,14-11-2017,Current
565,2825,864,6,04-06-2017,Saving
566,1417,924,35,15-09-2021,Current
567,3170,100,33,04-12-2015,Saving
568,302,351,75,24-01-2017,Current
569,4675,660,29,02-09-2024,Current
570,959,985,48,16-02-2025,Current
571,333,124,13,09-03-2019,Saving
572,4824,591,60,21-07-2023,Current
573,4035,457,35,12-10-2020,Saving
574,4099,47,22,17-06-2022,Saving
575,2367,33,90,14-12-2016,Current
576,4332,111,100,27-02-2024,Saving
577,3388,43,98,05-08-2020,Saving
578,601,511,29,06-08-2023,Saving
579,2331,276,53,26-07-2019,Current
580,175,424,36,16-10-2023,Saving
581,397,840,40,12-10-2017,Saving
582,4830,814,90,08-11-2022,Current
583,3422,528,56,14-10-2019,Saving
584,4966,649,87,20-07-2018,Saving
585,949,587,64,05-04-2025,Current
586,3215,717,80,16-05-2025,Current
587,1745,966,91,22-03-2017,Current
588,2177,396,34,18-02-2020,Saving
589,3813,978,46,29-08-2023,Saving
590,401,675,74,18-08-2020,Current
591,204,593,69,26-11-2023,Saving
592,4705,779,41,06-07-2022,Current
593,2931,657,17,18-09-2017,Current
594,3149,332,51,09-07-2025,Current
595,2586,727,85,22-08-2019,Saving
596,4178,492,48,13-05-2025,Saving
597,4256,151,15,15-09-2017,Current
598,2755,739,62,27-06-2023,Saving
599,217,158,64,07-07-2025,Saving
600,3136,656,89,04-06-2024,Current
601,4091,866,76,27-12-2023,Saving
602,4436,4,42,24-01-2022,Current
603,2435,34,38,29-10-2023,Saving
604,4693,995,94,19-06-2024,Saving
605,3257,979,89,25-04-2018,Saving
606,867,566,46,01-10-2019,Current
607,4957,395,99,01-01-2021,Current
608,559,284,18,01-07-2019,Current
609,3726,884,91,09-02-2023,Current
610,4233,358,14,28-03-2016,Saving
611,3238,372,64,10-05-2019,Current
612,1881,992,9,01-11-2020,Saving
613,3594,274,99,07-11-2019,Saving
614,375,64,48,28-11-2017,Saving
615,1629,724,53,18-11-2020,Saving
616,1265,165,74,07-12-2017,Saving
617,1104,514,77,05-01-2025,Current
618,2075,13,72,28-03-2020,Saving
619,4072,244,23,17-06-2021,Current
620,2456,22,25,25-01-2017,Current
621,1494,569,77,17-10-2022,Current
622,3700,659,20,30-07-2024,Current
623,733,36,19,03-10-2018,Saving
624,2426,286,74,01-11-2018,Current
625,137,368,33,29-11-2024,Saving
626,1191,228,64,08-05-2016,Saving
627,4523,851,24,01-12-2020,Current
628,295,560,20,25-11-2017,Current
629,4097,481,84,02-11-2017,Saving
630,218,267,19,23-12-2015,Saving
631,1103,322,55,25-11-2024,Current
632,297,279,86,03-09-2022,Saving
633,2009,273,48,24-06-2016,Saving
634,4425,740,12,22-04-2016,Current
635,4771,590,11,01-10-2024,Current
636,3047,524,30,15-08-2019,Saving
637,2981,461,65,03-12-2015,Current
638,3939,662,58,19-01-2021,Current
639,4431,335,41,11-12-2022,Current
640,4177,430,75,27-09-2023,Current
641,4815,839,86,14-04-2016,Current
642,4668,535,42,15-11-2015,Current
643,848,623,75,27-02-2017,Saving
644,4596,89,56,10-11-2024,Current
645,2120,839,3,18-02-2021,Saving
646,2640,304,36,12-05-2016,Current
647,2836,117,10,05-01-2019,Saving
648,506,609,72,18-06-2016,Saving
649,4771,125,57,29-08-2018,Current
650,2572,984,13,15-03-2023,Saving
651,4394,627,8,09-10-2020,Saving
652,1679,32,55,22-08-2022,Saving
653,1032,109,20,24-10-2022,Current
654,2024,822,41,07-02-2024,Current
655,311,552,84,14-06-2017,Saving
656,2120,922,67,02-05-2023,Current
657,371,186,86,23-12-2019,Current
658,446,427,42,24-12-2016,Saving
659,3617,836,52,02-11-2018,Current
660,1972,35,76,08-02-2017,Saving
661,957,66,95,27-11-2023,Saving
662,3265,866,13,12-04-2023,Current
663,828,757,91,02-08-2017,Saving
664,2737,369,83,20-10-2024,Saving
665,2919,579,80,03-06-2022,Saving
666,3015,219,85,07-02-2016,Current
667,4054,737,79,28-10-2017,Current
668,4778,91,57,02-05-2017,Saving
669,764,106,87,01-08-2021,Current
670,1181,4,62,30-01-2023,Saving
671,1502,565,50,11-07-2021,Saving
672,3272,140,57,08-11-2018,Current
673,2714,86,21,18-05-2019,Current
674,2514,94,96,15-02-2021,Current
675,2890,5,28,04-10-2015,Saving
676,3480,272,36,10-10-2018,Current
677,3629,352,72,16-07-2023,Saving
678,1686,905,79,08-11-2023,Saving
679,1774,284,43,12-06-2023,Saving
680,2953,800,28,12-03-2022,Current
681,4544,853,76,16-01-2019,Saving
682,4388,738,7,16-03-2024,Saving
683,497,203,5,28-10-2022,Saving
684,320,312,57,31-01-2020,Current
685,1140,120,15,11-06-2018,Saving
686,3984,516,60,05-11-2022,Saving
687,4730,957,11,17-06-2016,Current
688,1789,594,100,10-03-2022,Saving
689,1371,806,22,15-06-2022,Current
690,2558,53,25,03-10-2018,Saving
691,2645,507,37,14-09-2018,Current
692,2536,282,2,03-05-2016,Current
693,2910,555,23,11-12-2016,Current
694,484,729,63,06-08-2023,Saving
695,712,698,40,28-11-2020,Current
696,362,5,73,20-11-2016,Saving
697,4899,995,77,20-01-2025,Current
698,4174,202,83,03-02-2024,Saving
699,4511,186,19,25-12-2020,Saving
700,4934,207,46,25-11-2016,Current
701,2835,840,81,15-04-2017,Saving
702,2744,380,55,24-02-2023,Current
703,640,291,87,26-11-2022,Saving
704,3587,202,26,22-07-2024,Saving
705,498,783,65,08-02-2018,Saving
706,1458,304,59,29-12-2021,Current
707,811,424,73,01-11-2020,Current
708,3089,233,35,12-11-2017,Saving
709,4917,591,76,31-12-2015,Saving
710,2836,745,16,07-12-2023,Current
711,3912,410,62,02-06-2018,Current
712,1206,57,94,28-02-2017,Saving
713,1650,444,67,21-12-2018,Saving
714,2324,384,58,29-11-2020,Current
715,31,348,56,29-06-2019,Saving
716,3998,294,61,28-05-2017,Saving
717,298,71,48,16-02-2016,Current
718,4315,450,40,22-10-2022,Saving
719,1820,638,25,09-02-2021,Current
720,4594,453,55,30-09-2016,Current
721,4182,431,53,10-02-2021,Saving
722,694,740,79,14-11-2022,Current
723,3048,583,77,07-12-2017,Saving
724,3886,747,13,30-05-2018,Saving
725,2205,913,17,31-03-2016,Current
726,3444,772,15,13-09-2022,Saving
727,4208,671,50,22-02-2020,Current
728,2359,471,69,22-08-2017,Saving
729,1699,573,12,23-08-2020,Saving
730,3092,310,4,26-04-2021,Current
731,1824,755,64,08-09-2017,Saving
732,1376,602,35,28-02-2016,Current
733,1501,615,69,26-09-2020,Current
734,4764,145,61,30-03-2023,Current
735,196,253,10,04-11-2020,Current
736,4662,932,13,21-11-2017,Current
737,208,959,8,27-01-2019,Current
738,1133,117,11,12-08-2016,Current
739,1128,201,54,28-05-2020,Saving
740,1390,261,71,09-10-2018,Saving
741,2661,650,11,26-11-2021,Current
742,3502,131,43,28-09-2022,Saving
743,3989,337,17,22-06-2019,Current
744,4537,544,85,12-12-2017,Current
745,4564,682,40,28-01-2016,Current
746,2957,102,3,09-08-2017,Current
747,3293,819,88,19-05-2021,Saving
748,4481,681,40,05-12-2023,Saving
749,2319,321,73,09-08-2023,Saving
750,2551,948,45,06-06-2021,Current
751,1885,511,64,24-04-2025,Current
752,269,779,17,29-03-2022,Current
753,2730,248,35,17-04-2024,Current
754,4505,123,62,02-09-2020,Current
755,1389,699,81,29-04-2024,Saving
756,2761,57,9,01-09-2021,Current
757,4302,264,53,10-12-2018,Saving
758,4167,823,84,02-02-2025,Saving
759,2096,886,31,03-07-2020,Current
760,4771,568,76,16-08-2018,Saving
761,718,67,91,02-05-2021,Current
762,3669,787,67,01-03-2024,Current
763,3458,39,68,07-08-2015,Saving
764,1333,629,86,05-02-2025,Saving
765,3880,321,62,27-08-2015,Current
766,4031,528,76,16-03-2020,Current
767,4834,850,25,29-06-2019,Saving
768,3972,119,8,22-10-2019,Current
769,496,742,48,31-05-2023,Saving
770,2398,709,2,27-04-2020,Current
771,1446,922,30,19-05-2024,Saving
772,2313,452,30,23-09-2015,Current
773,4661,495,69,28-03-2017,Current
774,4557,35,96,02-06-2025,Saving
775,1275,252,97,01-10-2018,Current
776,1400,314,42,25-08-2019,Saving
777,1533,262,91,17-08-2016,Current
778,3262,600,29,04-12-2023,Current
779,3377,918,52,29-11-2019,Current
780,4845,238,73,26-03-2020,Saving
781,593,27,1,10-03-2021,Saving
782,69,877,36,07-06-2019,Current
783,4375,592,41,08-06-2018,Saving
784,4856,286,67,03-07-2018,Current
785,3133,357,99,17-03-2018,Current
786,3600,786,7,17-03-2019,Saving
787,214,685,45,26-05-2019,Current
788,589,121,16,17-05-2019,Current
789,1486,673,76,29-09-2020,Current
790,61,101,17,07-03-2017,Saving
791,1611,858,58,11-06-2018,Current
792,3192,42,46,28-04-2020,Current
793,3456,255,70,13-03-2018,Saving
794,1357,648,30,24-10-2024,Saving
795,3953,288,61,22-04-2017,Current
796,488,208,59,05-06-2024,Saving
797,2783,875,49,07-04-2023,Saving
798,4515,548,67,10-01-2025,Current
799,3174,363,68,15-12-2024,Saving
800,3875,802,42,15-12-2017,Saving
801,4831,166,51,09-04-2025,Saving
802,1355,136,46,22-09-2017,Current
803,2541,957,53,16-02-2016,Saving
804,4544,46,33,09-12-2015,Saving
805,2588,73,26,29-04-2016,Current
806,454,759,30,23-08-2021,Current
807,4146,195,20,30-08-2022,Current
808,1397,80,57,14-09-2021,Saving
809,2357,260,26,29-01-2022,Saving
810,2996,348,45,03-11-2024,Current
811,1701,392,31,28-10-2017,Saving
812,2287,622,35,12-01-2025,Saving
813,424,671,43,12-12-2019,Saving
814,2543,581,77,30-09-2023,Saving
815,3812,238,46,24-06-2021,Saving
816,3733,171,57,20-10-2016,Saving
817,2289,546,42,10-09-2015,Saving
818,3271,572,21,15-10-2019,Current
819,2882,663,18,29-07-2020,Current
820,2967,471,60,23-08-2016,Current
821,4352,629,29,27-04-2023,Current
822,2515,932,86,06-02-2025,Current
823,2898,954,1,07-12-2016,Saving
824,2824,159,20,03-01-2017,Saving
825,2186,466,21,30-10-2024,Saving
826,3716,523,51,08-03-2021,Saving
827,1583,305,54,20-04-2025,Saving
828,2849,299,24,01-09-2020,Saving
829,2056,426,1,25-12-2017,Current
830,4844,779,25,17-02-2017,Saving
831,4600,726,48,23-01-2024,Saving
832,3446,967,63,31-08-2017,Saving
833,244,912,53,21-01-2023,Current
834,1121,213,33,30-11-2023,Current
835,2090,763,94,09-11-2024,Current
836,3136,168,95,23-03-2021,Current
837,3621,640,57,08-02-2022,Saving
838,4260,133,96,18-04-2021,Current
839,1759,98,51,21-07-2017,Current
840,2537,230,41,25-01-2023,Current
841,720,316,86,12-03-2024,Current
842,3534,342,45,13-09-2015,Saving
843,2581,110,65,22-11-2016,Saving
844,3893,356,53,03-10-2021,Current
845,3344,994,64,24-07-2015,Saving
846,1282,554,18,16-11-2016,Saving
847,3890,454,9,04-03-2020,Saving
848,2334,958,21,26-04-2018,Current
849,2474,716,20,26-07-2019,Saving
850,4585,335,57,25-11-2016,Saving
851,547,620,92,29-01-2021,Saving
852,872,1,19,01-08-2022,Saving
853,2761,731,99,30-01-2017,Saving
854,1100,243,86,18-05-2023,Current
855,2262,959,12,10-12-2020,Current
856,3668,806,35,09-05-2018,Saving
857,3298,726,19,20-10-2016,Current
858,2557,319,29,16-11-2016,Saving
859,4420,270,7,01-07-2020,Current
860,15,884,9,19-09-2020,Current
861,2110,156,79,20-09-2022,Saving
862,1120,834,71,23-02-2025,Saving
863,4690,628,35,23-10-2021,Saving
864,262,705,20,15-05-2018,Saving
865,931,704,95,16-05-2024,Current
866,3404,374,59,18-11-2024,Current
867,4036,306,22,16-01-2022,Saving
868,4299,934,37,15-07-2025,Current
869,2017,323,1,17-08-2024,Saving
870,3016,495,55,22-02-2023,Current
871,3198,975,33,09-12-2022,Current
872,489,698,8,03-12-2021,Saving
873,4314,825,98,16-03-2020,Saving
874,4338,91,25,29-08-2021,Saving
875,339,953,100,15-03-2016,Saving
876,4839,524,30,01-11-2021,Current
877,2603,533,68,04-08-2024,Saving
878,1183,670,20,09-05-2016,Current
879,294,937,67,09-08-2022,Current
880,4747,938,76,29-12-2016,Current
881,3054,687,8,06-05-2024,Current
882,7,640,41,28-10-2017,Saving
883,1761,152,100,15-02-2016,Saving
884,2168,240,39,20-12-2023,Current
885,3142,742,97,31-08-2018,Saving
886,265,458,97,14-02-2019,Current
887,147,670,63,08-06-2018,Saving
888,3984,444,7,07-03-2024,Saving
889,2782,659,78,18-08-2022,Saving
890,2408,110,13,17-10-2018,Saving
891,2537,318,23,09-10-2016,Saving
892,78,531,15,05-01-2018,Saving
893,3793,21,98,04-08-2024,Current
894,3219,857,38,10-05-2024,Saving
895,4873,953,60,22-07-2016,Current
896,1961,596,9,13-09-2015,Saving
897,218,442,36,28-04-2023,Current
898,89,523,79,29-05-2017,Saving
899,1131,322,81,22-03-2019,Current
900,2522,65,100,24-02-2018,Saving
901,4850,761,64,04-04-2017,Current
902,2406,488,80,03-12-2021,Current
903,4069,817,74,18-07-2022,Current
904,1143,738,75,13-07-2022,Current
905,4783,696,58,06-11-2022,Current
906,3755,165,90,13-04-2019,Saving
907,1668,678,21,02-05-2025,Saving
908,1867,362,99,14-10-2018,Current
909,2160,957,46,07-09-2015,Saving
910,2087,161,38,21-06-2017,Saving
911,3412,418,35,23-10-2018,Current
912,3682,36,89,29-04-2020,Saving
913,3282,390,58,10-01-2025,Current
914,166,851,7,22-02-2020,Saving
915,2061,416,98,12-09-2021,Saving
916,1334,581,40,25-06-2023,Current
917,791,651,92,09-07-2019,Saving
918,3848,994,6,02-11-2015,Current
919,357,52,86,07-10-2022,Saving
920,1940,959,44,30-08-2020,Saving
921,3453,958,48,09-06-2021,Saving
922,1639,446,7,16-11-2021,Current
923,3984,347,80,04-02-2018,Saving
924,4993,928,63,15-07-2021,Saving
925,2517,975,54,11-03-2025,Current
926,4173,979,59,22-11-2017,Saving
927,2896,976,58,21-01-2016,Saving
928,3400,870,85,03-09-2019,Current
929,3203,186,35,28-09-2022,Saving
930,4369,869,44,15-08-2019,Saving
931,4151,686,41,24-03-2016,Saving
932,1377,44,75,16-02-2025,Current
933,2615,839,35,23-02-2021,Current
934,900,161,94,27-04-2018,Saving
935,4208,965,26,24-06-2017,Saving
936,3761,569,19,10-08-2023,Current
937,1275,586,85,07-10-2024,Saving
938,4378,883,4,09-09-2016,Current
939,776,151,64,17-02-2025,Saving
940,3547,357,38,01-11-2017,Saving
941,1616,802,50,05-11-2018,Saving
942,4949,997,66,24-06-2025,Current
943,1918,360,33,19-06-2025,Current
944,3036,545,16,17-04-2020,Saving
945,1159,508,62,20-02-2022,Current
946,3667,254,66,16-08-2022,Current
947,2858,429,100,28-07-2021,Current
948,453,139,27,13-03-2024,Current
949,4055,335,95,17-07-2023,Current
950,2685,83,87,01-08-2015,Current
951,1746,952,13,05-11-2016,Current
952,2011,122,74,24-12-2021,Current
953,2777,648,97,22-07-2019,Current
954,1469,757,100,16-05-2025,Saving
955,2361,211,76,03-05-2024,Saving
956,3837,443,74,17-09-2020,Saving
957,1110,664,43,19-08-2022,Current
958,1012,92,68,03-05-2024,Saving
959,1396,734,48,12-10-2017,Saving
960,3093,222,94,10-11-2015,Current
961,3352,968,73,10-01-2021,Saving
962,946,761,10,28-10-2023,Saving
963,2559,690,54,05-03-2020,Current
964,4194,987,17,17-12-2020,Saving
965,4366,613,87,20-04-2018,Current
966,4856,685,4,14-06-2020,Current
967,1016,746,89,17-12-2022,Saving
968,4890,746,98,25-11-2021,Current
969,943,175,22,30-07-2019,Saving
970,1645,812,85,08-05-2018,Current
971,1009,325,73,02-08-2020,Current
972,2141,451,57,03-08-2015,Saving
973,195,408,89,15-04-2018,Current
974,305,377,79,17-05-2024,Saving
975,1919,925,18,07-01-2019,Current
976,2506,551,49,17-07-2016,Saving
977,3913,641,43,19-02-2024,Current
978,3879,163,74,04-10-2015,Current
979,4955,622,44,04-02-2024,Saving
980,1096,546,91,20-05-2023,Saving
981,472,796,38,22-12-2021,Saving
982,4876,417,87,29-09-2016,Saving
983,4989,648,56,23-10-2023,Current
984,1950,293,8,20-09-2023,Current
985,908,684,41,08-01-2020,Current
986,88,268,24,03-09-2023,Current
987,1661,980,91,14-03-2023,Current
988,3988,363,85,14-12-2019,Current
989,1663,839,20,04-07-2023,Saving
990,693,913,37,16-07-2019,Current
991,1913,337,9,09-06-2018,Saving
992,2547,798,82,14-08-2022,Current
993,943,456,22,01-03-2020,Saving
994,4946,221,2,22-05-2021,Saving
995,1801,359,46,08-11-2017,Saving
996,4161,474,45,15-02-2021,Saving
997,1830,953,11,12-04-2020,Saving
998,50,718,18,15-09-2021,Saving
999,271,811,62,09-02-2024,Current
1000,4353,450,31,10-06-2025,Saving
1001,892,690,90,28-08-2020,Current
1002,4995,305,23,05-03-2017,Saving
1003,2227,212,6,30-11-2020,Current
1004,3770,391,56,06-09-2015,Current
1005,3403,578,12,15-09-2016,Saving
1006,1024,81,83,27-12-2019,Current
1007,2783,273,59,29-05-2024,Current
1008,3558,137,57,06-12-2022,Saving
1009,1270,478,15,28-09-2019,Current
1010,1193,753,58,24-03-2025,Saving
1011,3963,157,1,19-03-2016,Saving
1012,3221,59,4,02-12-2022,Current
1013,24,642,77,18-02-2017,Saving
1014,2609,93,56,27-05-2023,Current
1015,2837,139,19,27-03-2023,Saving
1016,428,823,14,21-11-2015,Saving
1017,1979,755,52,26-06-2022,Current
1018,4883,883,82,22-12-2022,Saving
1019,4685,269,18,16-11-2020,Current
1020,3791,248,94,26-07-2023,Saving
1021,1944,336,17,19-05-2017,Saving
1022,1993,182,38,16-03-2018,Saving
1023,4821,590,2,26-11-2024,Saving
1024,2586,369,31,10-05-2024,Saving
1025,4004,35,12,10-10-2023,Saving
1026,3884,169,66,04-07-2022,Current
1027,3722,958,68,25-09-2017,Current
1028,2722,209,55,18-01-2022,Saving
1029,3662,133,23,14-02-2021,Saving
1030,4098,986,83,07-11-2022,Current
1031,3413,947,99,08-06-2016,Saving
1032,3330,671,50,29-12-2023,Current
1033,733,355,85,09-12-2017,Current
1034,2018,461,13,12-08-2023,Current
1035,2503,684,90,11-11-2023,Saving
1036,2975,251,85,26-09-2023,Saving
1037,3323,31,2,31-10-2024,Saving
1038,2124,692,58,24-06-2021,Current
1039,1752,347,66,13-01-2019,Saving
1040,2682,566,63,15-07-2021,Current
1041,437,512,74,13-05-2020,Current
1042,3852,683,76,05-10-2015,Saving
1043,4441,329,31,16-12-2024,Saving
1044,686,573,19,13-08-2015,Current
1045,3217,334,16,02-09-2017,Current
1046,914,798,80,18-05-2025,Saving
1047,1833,473,83,04-09-2019,Current
1048,1151,141,32,14-09-2019,Current
1049,1526,659,36,04-04-2016,Saving
1050,3795,483,8,25-06-2017,Current
1051,1315,955,4,21-12-2015,Saving
1052,3640,985,14,08-03-2020,Current
1053,2788,545,4,26-08-2019,Saving
1054,3400,462,54,27-02-2018,Saving
1055,1014,909,90,23-11-2022,Saving
1056,1918,506,78,20-01-2020,Saving
1057,4905,66,73,12-03-2023,Saving
1058,3216,826,52,03-06-2025,Current
1059,3110,840,46,16-04-2024,Saving
1060,3552,981,73,24-03-2019,Current
1061,394,768,94,17-11-2017,Saving
1062,3497,175,65,26-10-2024,Current
1063,888,423,28,28-07-2020,Saving
1064,4005,257,50,04-11-2018,Saving
1065,197,243,91,28-09-2016,Current
1066,2546,193,59,18-01-2016,Saving
1067,111,134,75,25-06-2021,Saving
1068,3326,29,10,09-12-2015,Saving
1069,2009,580,15,23-08-2018,Saving
1070,4191,971,13,18-02-2023,Current
1071,3340,757,100,24-02-2023,Saving
1072,3827,273,99,16-04-2023,Saving
1073,3700,840,24,14-05-2023,Current
1074,3721,314,37,18-11-2015,Current
1075,2607,864,11,13-03-2017,Saving
1076,4672,911,48,23-12-2018,Saving
1077,3661,293,87,22-07-2015,Saving
1078,2408,681,62,27-02-2022,Saving
1079,3462,408,24,01-06-2025,Saving
1080,2231,478,22,12-12-2015,Current
1081,1312,925,95,18-05-2016,Current
1082,3033,63,66,07-08-2023,Current
1083,4347,834,86,25-02-2023,Current
1084,2763,794,45,21-09-2016,Saving
1085,4759,291,31,04-12-2019,Current
1086,890,305,67,20-09-2015,Current
1087,4183,236,86,06-10-2016,Current
1088,3226,260,4,22-06-2022,Current
1089,4488,736,69,26-06-2017,Saving
1090,704,650,19,11-02-2020,Current
1091,4772,735,94,05-11-2019,Saving
1092,4440,464,61,05-09-2021,Current
1093,4725,982,60,10-11-2016,Saving
1094,959,851,60,16-10-2022,Current
1095,4117,994,67,30-09-2023,Saving
1096,481,445,6,22-08-2016,Current
1097,4948,480,82,22-02-2017,Current
1098,3393,157,65,11-05-2023,Current
1099,1081,666,13,26-04-2023,Saving
1100,4478,603,11,04-06-2022,Saving
1101,529,877,90,24-03-2024,Current
1102,720,845,32,23-03-2016,Current
1103,382,913,8,17-03-2025,Current
1104,3408,931,41,29-04-2019,Current
1105,2302,861,13,29-06-2017,Current
1106,1288,905,31,05-07-2019,Current
1107,3620,502,100,20-03-2022,Saving
1108,3484,891,60,17-05-2024,Current
1109,4030,820,63,14-07-2020,Current
1110,3440,791,50,11-08-2018,Saving
1111,3593,760,22,22-02-2024,Saving
1112,611,850,68,16-02-2025,Saving
1113,4395,15,44,16-03-2019,Current
1114,4162,717,50,02-05-2019,Current
1115,4818,425,81,06-07-2025,Current
1116,1673,970,19,25-04-2021,Current
1117,3937,662,78,09-03-2022,Saving
1118,300,995,8,21-12-2020,Current
1119,4587,54,91,22-09-2015,Current
1120,2477,932,85,04-02-2023,Saving
1121,1562,68,45,19-01-2025,Current
1122,2612,882,51,07-09-2019,Saving
1123,1553,689,41,03-05-2024,Current
1124,3124,733,9,30-06-2022,Current
1125,3498,586,16,20-12-2017,Saving
1126,3234,446,95,03-11-2019,Current
1127,863,962,69,03-03-2023,Current
1128,407,719,38,21-07-2016,Saving
1129,1967,777,34,14-02-2018,Saving
1130,4875,646,76,02-06-2018,Saving
1131,4242,465,93,21-02-2016,Saving
1132,3854,651,58,24-04-2021,Saving
1133,341,290,19,04-06-2020,Current
1134,626,480,73,26-05-2017,Current
1135,2341,603,45,23-10-2023,Saving
1136,1025,244,76,01-06-2017,Saving
1137,4049,103,91,28-05-2019,Saving
1138,4482,102,12,12-12-2021,Current
1139,4307,901,60,02-06-2023,Current
1140,4725,499,28,28-01-2020,Saving
1141,4156,11,59,10-04-2023,Current
1142,2586,786,53,26-11-2021,Saving
1143,4741,674,92,21-06-2021,Current
1144,2599,450,5,16-01-2025,Saving
1145,2676,684,77,02-06-2018,Saving
1146,1904,315,56,26-12-2015,Saving
1147,4475,102,41,02-11-2020,Saving
1148,2018,6,73,13-08-2015,Current
1149,4037,555,88,13-05-2022,Current
1150,1900,927,22,23-12-2017,Saving
1151,3807,643,64,25-05-2016,Saving
1152,4854,264,81,29-05-2024,Saving
1153,881,268,51,10-12-2019,Saving
1154,3782,237,65,04-06-2021,Current
1155,1494,37,52,27-10-2022,Current
1156,2502,113,52,04-03-2018,Saving
1157,1974,13,82,14-10-2020,Current
1158,4117,868,45,07-09-2019,Saving
1159,278,314,55,03-06-2022,Current
1160,4142,871,19,17-11-2020,Current
1161,4467,644,99,07-09-2018,Current
1162,1267,215,58,15-06-2024,Current
1163,2118,31,100,20-03-2016,Saving
1164,869,445,67,17-06-2025,Current
1165,1355,361,9,01-05-2017,Current
1166,3304,782,50,27-04-2021,Saving
1167,1423,123,90,18-02-2019,Current
1168,1549,441,10,26-05-2019,Current
1169,1768,391,12,04-04-2020,Saving
1170,2878,58,40,13-10-2018,Saving
1171,4736,741,54,04-06-2024,Current
1172,1628,555,9,17-12-2021,Saving
1173,3637,405,21,19-06-2024,Saving
1174,865,648,16,08-07-2018,Current
1175,3817,22,29,30-04-2017,Saving
1176,277,893,97,02-10-2022,Saving
1177,309,332,56,15-07-2016,Current
1178,1186,852,99,10-07-2016,Current
1179,4335,386,49,20-01-2023,Saving
1180,520,598,18,26-02-2017,Current
1181,4592,935,88,16-02-2023,Saving
1182,86,373,98,06-07-2024,Saving
1183,2568,1,26,16-09-2015,Saving
1184,1120,852,96,03-01-2024,Saving
1185,471,836,89,23-03-2019,Saving
1186,2451,695,53,14-09-2022,Saving
1187,1181,725,55,23-12-2022,Saving
1188,1382,767,86,28-12-2020,Saving
1189,4922,882,13,13-09-2021,Current
1190,4584,352,51,03-09-2019,Current
1191,2019,560,94,21-11-2024,Current
1192,4827,577,34,20-08-2019,Saving
1193,303,449,84,18-05-2017,Current
1194,531,701,33,18-04-2025,Saving
1195,197,355,55,11-07-2017,Saving
1196,2932,757,14,02-03-2018,Saving
1197,2432,855,29,04-01-2021,Current
1198,2977,926,42,17-04-2017,Saving
1199,1216,928,69,30-04-2018,Current
1200,754,954,65,30-09-2017,Saving
1201,3602,694,68,06-04-2021,Current
1202,3007,873,29,14-07-2025,Saving
1203,2473,989,96,25-03-2019,Saving
1204,555,557,35,22-08-2022,Saving
1205,3544,856,92,20-01-2025,Current
1206,2245,164,48,02-04-2024,Saving
1207,4326,14,81,22-09-2019,Current
1208,2969,775,10,12-02-2018,Saving
1209,4943,595,81,06-12-2022,Current
1210,2162,461,26,03-10-2017,Saving
1211,2048,985,11,17-04-2021,Current
1212,3133,224,38,30-01-2018,Saving
1213,4326,397,4,05-01-2023,Saving
1214,2037,538,83,11-07-2021,Saving
1215,3610,127,55,06-01-2018,Saving
1216,128,900,78,13-09-2020,Current
1217,3610,500,74,22-04-2018,Saving
1218,2029,127,41,17-06-2022,Current
1219,1491,945,26,21-07-2023,Current
1220,4815,546,96,27-12-2016,Saving
1221,3544,290,20,21-11-2018,Current
1222,209,865,87,23-02-2016,Current
1223,4363,233,21,06-12-2024,Current
1224,664,222,85,16-09-2022,Current
1225,478,920,60,15-05-2025,Saving
1226,2493,59,79,24-03-2016,Current
1227,4942,260,81,06-07-2024,Saving
1228,2168,12,69,04-11-2021,Saving
1229,2089,899,67,20-12-2020,Current
1230,2032,47,21,17-01-2025,Saving
1231,3050,391,1,03-11-2022,Saving
1232,2544,595,14,20-07-2023,Saving
1233,3399,236,62,05-09-2016,Saving
1234,1985,698,95,06-10-2015,Saving
1235,145,497,100,07-03-2017,Current
1236,2064,953,36,31-10-2022,Saving
1237,1969,926,18,06-06-2020,Current
1238,3308,388,34,05-08-2022,Saving
1239,4783,279,99,05-03-2022,Current
1240,386,228,98,13-07-2021,Current
1241,1880,229,1,19-05-2024,Saving
1242,2141,650,5,08-01-2016,Current
1243,582,854,13,22-02-2024,Saving
1244,1860,580,79,26-11-2023,Current
1245,2940,345,8,20-10-2022,Saving
1246,310,357,12,07-01-2018,Current
1247,4992,910,97,11-12-2017,Current
1248,957,306,79,16-06-2021,Current
1249,139,754,56,02-02-2021,Saving
1250,962,346,81,28-08-2017,Saving
1251,849,684,27,07-09-2021,Current
1252,112,213,47,02-01-2018,Saving
1253,2556,535,73,08-10-2022,Saving
1254,1362,312,90,15-04-2018,Saving
1255,1521,471,98,19-01-2020,Saving
1256,1283,443,89,11-12-2016,Current
1257,4117,445,94,21-12-2022,Current
1258,4183,187,31,21-08-2022,Saving
1259,3893,157,97,10-05-2018,Current
1260,2867,164,17,21-02-2022,Current
1261,2100,636,67,17-06-2024,Current
1262,4045,323,98,21-01-2022,Current
1263,423,30,45,16-12-2015,Current
1264,4920,235,33,03-12-2016,Saving
1265,162,548,79,10-03-2019,Saving
1266,100,914,65,10-08-2022,Saving
1267,3797,774,38,24-03-2022,Current
1268,2846,96,54,23-06-2017,Saving
1269,2589,19,96,02-01-2017,Current
1270,2528,977,28,23-02-2020,Saving
1271,2972,501,32,18-06-2023,Current
1272,1591,345,35,21-02-2016,Current
1273,1374,520,48,27-12-2021,Saving
1274,3522,736,44,27-07-2015,Saving
1275,2209,758,72,21-09-2019,Current
1276,3105,382,1,23-12-2023,Saving
1277,4107,465,91,05-03-2016,Current
1278,2351,504,17,10-02-2021,Current
1279,3984,227,78,28-04-2022,Current
1280,4796,367,72,14-06-2016,Saving
1281,4095,341,88,15-12-2017,Saving
1282,549,728,36,02-02-2018,Current
1283,46,824,96,25-06-2017,Current
1284,525,847,30,12-04-2025,Saving
1285,2073,365,3,19-04-2019,Current
1286,4912,467,2,04-10-2022,Saving
1287,246,20,12,24-01-2019,Saving
1288,3932,214,57,21-08-2015,Saving
1289,498,746,36,29-06-2018,Saving
1290,750,130,35,11-06-2020,Saving
1291,3647,809,72,02-09-2019,Current
1292,2627,831,18,08-08-2024,Saving
1293,1388,414,59,25-04-2019,Current
1294,3903,117,53,11-07-2022,Current
1295,3222,689,74,03-12-2023,Current
1296,2024,432,6,22-01-2022,Saving
1297,2936,384,14,13-07-2023,Saving
1298,3420,135,84,29-01-2022,Current
1299,4648,488,39,22-02-2016,Saving
1300,403,921,58,13-02-2019,Current
1301,4400,766,23,17-12-2017,Current
1302,4540,803,20,01-10-2023,Saving
1303,290,832,81,17-10-2024,Saving
1304,2745,593,97,31-01-2018,Saving
1305,3793,80,34,04-03-2020,Current
1306,1467,43,53,28-09-2023,Current
1307,1721,836,42,16-02-2016,Current
1308,2864,551,37,27-05-2016,Saving
1309,4924,618,63,19-08-2021,Current
1310,62,773,27,30-08-2017,Saving
1311,4753,562,18,30-10-2015,Saving
1312,2969,900,35,30-10-2019,Saving
1313,3495,363,53,15-12-2019,Current
1314,1644,845,78,07-02-2023,Saving
1315,2287,690,9,18-06-2021,Current
1316,4750,891,42,27-10-2021,Saving
1317,2885,258,89,28-12-2021,Saving
1318,3717,901,68,06-01-2019,Current
1319,242,487,67,03-11-2022,Current
1320,62,959,59,28-03-2025,Current
1321,3234,129,93,13-10-2015,Saving
1322,2029,949,42,05-03-2024,Saving
1323,4556,361,5,31-10-2017,Saving
1324,2746,321,23,08-04-2016,Saving
1325,4373,349,91,20-08-2020,Current
1326,749,506,63,05-10-2016,Current
1327,1395,100,74,17-03-2024,Current
1328,2683,170,43,20-12-2016,Current
1329,2560,193,45,29-09-2016,Current
1330,2428,383,34,26-08-2020,Saving
1331,1603,344,37,28-07-2023,Current
1332,590,127,26,23-03-2021,Saving
1333,2193,489,30,12-10-2016,Saving
1334,3952,763,38,10-07-2019,Saving
1335,2255,951,41,18-03-2019,Current
1336,2523,976,60,10-11-2022,Saving
1337,4697,831,40,15-06-2020,Current
1338,956,339,21,22-08-2017,Saving
1339,1146,508,53,12-07-2019,Current
1340,2418,206,43,10-08-2021,Current
1341,3446,198,61,25-09-2016,Saving
1342,1436,423,64,20-04-2024,Current
1343,4267,525,95,05-02-2020,Saving
1344,2536,321,50,24-03-2022,Current
1345,3514,273,91,25-05-2020,Current
1346,1883,620,35,11-08-2022,Current
1347,2903,81,17,21-04-2016,Saving
1348,2293,698,99,29-04-2025,Current
1349,4180,151,14,27-04-2020,Current
1350,4442,497,32,08-08-2018,Saving
1351,4998,557,13,01-02-2022,Saving
1352,3791,165,15,15-05-2016,Current
1353,2842,219,18,14-11-2024,Saving
1354,1844,927,7,23-05-2019,Current
1355,1826,301,53,14-10-2019,Saving
1356,851,386,36,16-06-2016,Current
1357,4784,805,51,22-01-2024,Current
1358,2477,590,39,11-09-2018,Current
1359,1682,701,61,04-11-2022,Current
1360,2805,530,82,08-11-2018,Saving
1361,3517,624,95,01-02-2016,Current
1362,4646,688,89,23-03-2020,Current
1363,3031,332,13,20-05-2017,Saving
1364,4657,992,53,21-07-2020,Saving
1365,528,62,59,27-08-2019,Saving
1366,3311,87,41,10-08-2021,Saving
1367,2860,970,90,12-09-2023,Current
1368,2459,31,7,10-10-2018,Current
1369,1884,31,42,16-04-2025,Saving
1370,2961,307,46,31-03-2018,Current
1371,2893,893,33,01-08-2018,Saving
1372,1943,832,51,17-11-2021,Current
1373,903,395,77,12-09-2015,Saving
1374,268,679,81,09-04-2017,Current
1375,22,417,76,19-01-2019,Current
1376,592,114,20,17-01-2019,Current
1377,3126,630,93,08-01-2020,Saving
1378,897,894,58,23-03-2019,Saving
1379,3939,856,36,14-05-2016,Saving
1380,3939,311,95,31-08-2023,Saving
1381,3560,845,75,06-02-2018,Current
1382,1143,629,5,24-02-2024,Saving
1383,1533,702,27,16-03-2021,Current
1384,4043,934,86,09-04-2018,Saving
1385,2210,130,93,19-01-2024,Saving
1386,3443,867,77,05-10-2019,Saving
1387,139,964,87,02-01-2018,Current
1388,4892,925,83,20-10-2019,Saving
1389,1441,927,7,15-04-2020,Current
1390,2060,55,61,05-05-2023,Saving
1391,4658,216,47,21-03-2019,Saving
1392,1585,639,8,20-09-2021,Current
1393,963,725,57,27-04-2017,Saving
1394,3107,335,78,08-09-2024,Current
1395,2645,187,23,20-05-2016,Saving
1396,1021,538,72,30-07-2022,Saving
1397,1651,526,46,07-02-2020,Current
1398,1056,801,38,04-09-2020,Current
1399,1817,522,37,29-11-2022,Current
1400,4981,43,84,05-07-2020,Saving
1401,1723,272,79,25-01-2016,Saving
1402,2081,782,65,17-10-2023,Saving
1403,3286,452,85,05-11-2016,Current
1404,352,684,79,05-09-2022,Saving
1405,214,495,59,10-01-2024,Current
1406,1961,574,95,14-05-2018,Current
1407,2901,742,90,04-01-2023,Current
1408,2558,102,8,15-01-2024,Saving
1409,2821,299,100,17-12-2015,Saving
1410,326,434,28,24-01-2020,Current
1411,3270,313,73,12-09-2024,Saving
1412,3495,219,41,30-09-2018,Saving
1413,82,55,29,23-05-2016,Saving
1414,98,91,34,27-10-2023,Saving
1415,4879,51,17,19-07-2021,Current
1416,2868,442,2,26-11-2015,Current
1417,30,553,43,27-10-2020,Saving
1418,476,152,8,09-03-2025,Current
1419,4145,27,17,03-09-2023,Saving
1420,664,951,89,24-06-2018,Current
1421,4042,919,83,12-09-2018,Saving
1422,2693,638,97,09-07-2020,Saving
1423,1899,473,62,19-04-2019,Saving
1424,2986,412,10,09-06-2018,Saving
1425,1883,561,29,19-12-2019,Current
1426,1504,810,27,10-12-2015,Current
1427,3940,352,25,30-04-2020,Saving
1428,1405,278,54,12-07-2022,Saving
1429,2997,971,73,05-04-2025,Current
1430,3501,668,49,26-09-2020,Current
1431,617,677,53,19-05-2019,Current
1432,1067,896,48,07-03-2025,Saving
1433,3705,231,48,11-07-2021,Current
1434,1200,213,55,17-06-2018,Current
1435,1161,210,71,13-02-2016,Current
1436,3940,823,78,09-11-2023,Saving
1437,1049,264,21,29-07-2024,Current
1438,1991,791,88,30-06-2016,Current
1439,1411,999,65,21-03-2025,Saving
1440,1705,647,66,11-11-2018,Saving
1441,4279,256,32,13-11-2017,Saving
1442,4205,117,61,12-01-2025,Saving
1443,409,633,85,27-11-2016,Current
1444,2660,214,24,10-07-2016,Current
1445,4802,573,32,03-04-2018,Current
1446,4666,502,29,03-02-2022,Current
1447,872,146,13,13-05-2017,Saving
1448,3408,85,92,21-08-2023,Saving
1449,2072,168,81,27-04-2018,Current
1450,3251,244,76,06-01-2021,Saving
1451,4483,182,45,26-06-2018,Saving
1452,3871,831,43,03-05-2016,Saving
1453,4422,936,85,23-03-2024,Current
1454,416,201,54,21-09-2015,Current
1455,2766,822,44,03-06-2022,Saving
1456,4411,28,1,11-06-2018,Saving
1457,3764,558,33,18-11-2024,Current
1458,1934,610,98,23-06-2019,Current
1459,4631,688,99,30-01-2019,Saving
1460,4444,896,10,27-05-2017,Current
1461,1243,654,63,15-03-2025,Current
1462,427,996,64,23-07-2017,Saving
1463,3145,819,87,29-11-2020,Saving
1464,1245,504,89,10-06-2017,Saving
1465,431,488,71,21-11-2024,Saving
1466,3526,447,70,07-07-2020,Saving
1467,2071,558,47,02-04-2021,Saving
1468,3016,592,42,21-10-2023,Current
1469,98,431,94,08-08-2019,Current
1470,506,577,90,01-10-2015,Saving
1471,4452,717,94,17-03-2022,Current
1472,3017,447,16,24-04-2021,Saving
1473,827,997,79,11-04-2024,Saving
1474,3246,860,76,05-01-2021,Saving
1475,1104,455,90,05-03-2024,Current
1476,2216,360,79,22-08-2018,Current
1477,1372,270,43,29-08-2018,Saving
1478,1304,790,17,20-07-2020,Saving
1479,3068,135,92,31-03-2021,Saving
1480,4001,171,29,26-09-2024,Current
1481,2222,524,28,27-09-2015,Saving
1482,2701,408,1,07-06-2023,Saving
1483,2593,961,49,07-12-2021,Saving
1484,1056,125,18,08-11-2021,Saving
1485,2175,547,1,20-05-2025,Saving
1486,1816,387,75,18-09-2021,Current
1487,2800,81,43,06-04-2020,Saving
1488,2798,775,30,18-02-2022,Saving
1489,4386,943,68,11-07-2020,Saving
1490,4751,870,78,16-07-2024,Saving
1491,3999,464,49,24-01-2025,Current
1492,2862,597,46,07-12-2020,Saving
1493,3855,555,67,04-11-2020,Saving
1494,1913,920,54,24-08-2016,Current
1495,2584,938,43,14-05-2017,Saving
1496,3183,58,94,19-10-2017,Saving
1497,3094,783,37,19-10-2020,Saving
1498,1240,329,53,12-01-2020,Current
1499,3311,633,35,03-12-2016,Current
1500,951,550,4,12-02-2016,Current
1501,4220,680,88,29-02-2016,Current
1502,810,597,94,23-01-2016,Saving
1503,4297,255,8,24-05-2021,Saving
1504,3760,307,46,30-07-2016,Saving
1505,1106,791,57,19-10-2020,Saving
1506,2812,98,83,28-08-2015,Saving
1507,3626,571,27,25-06-2022,Current
1508,938,834,57,01-09-2017,Current
1509,3661,858,66,27-10-2023,Saving
1510,2239,573,15,18-01-2017,Saving
1511,4179,636,78,05-03-2021,Saving
1512,1991,81,62,06-11-2022,Current
1513,408,146,89,29-05-2016,Saving
1514,2713,150,22,20-03-2022,Saving
1515,692,238,52,30-03-2017,Current
1516,2312,251,89,24-10-2020,Saving
1517,525,63,41,04-08-2023,Saving
1518,598,676,1,19-12-2020,Saving
1519,3650,770,46,19-06-2021,Current
1520,363,52,20,28-01-2025,Current
1521,2413,109,78,20-03-2023,Current
1522,973,715,14,20-07-2023,Saving
1523,4167,527,16,29-06-2017,Saving
1524,3232,26,95,09-01-2021,Current
1525,4929,984,47,04-03-2024,Saving
1526,675,810,14,29-01-2018,Current
1527,2610,629,45,29-09-2023,Saving
1528,1679,6,50,26-07-2023,Saving
1529,4866,744,13,16-04-2019,Saving
1530,4208,516,70,09-07-2018,Current
1531,149,755,3,18-09-2020,Saving
1532,3108,819,67,02-03-2016,Saving
1533,3014,326,39,21-03-2017,Saving
1534,3634,632,41,03-05-2019,Saving
1535,3140,117,85,12-12-2020,Saving
1536,3473,844,70,10-02-2018,Saving
1537,4133,369,52,09-11-2023,Saving
1538,4795,894,26,24-12-2021,Saving
1539,2349,307,69,09-10-2020,Saving
1540,3290,119,38,13-03-2024,Current
1541,4580,424,79,17-09-2018,Current
1542,3487,157,7,30-07-2024,Saving
1543,4424,96,72,21-02-2023,Current
1544,3128,767,63,02-03-2024,Saving
1545,3752,541,23,06-10-2019,Saving
1546,2429,137,78,21-09-2017,Current
1547,391,759,11,02-01-2024,Current
1548,2463,121,39,18-08-2022,Current
1549,4532,716,97,25-02-2025,Saving
1550,593,329,4,02-11-2023,Saving
1551,705,522,93,15-11-2024,Saving
1552,2907,574,30,30-04-2025,Saving
1553,3032,339,7,01-04-2017,Saving
1554,728,924,80,18-03-2022,Saving
1555,3259,20,23,31-05-2016,Current
1556,1409,967,38,06-04-2024,Saving
1557,2737,845,60,18-01-2017,Current
1558,3942,409,20,18-03-2021,Current
1559,1859,449,90,04-06-2019,Current
1560,2007,31,45,28-02-2019,Saving
1561,1284,533,7,07-09-2017,Saving
1562,4560,538,58,21-04-2024,Current
1563,2097,77,93,24-05-2023,Saving
1564,814,793,67,01-10-2019,Current
1565,2223,931,21,28-12-2021,Saving
1566,3360,255,29,22-12-2016,Current
1567,854,162,73,26-10-2016,Saving
1568,1301,100,95,04-06-2021,Saving
1569,743,166,22,21-10-2023,Saving
1570,4896,3,50,01-11-2016,Current
1571,528,211,18,26-09-2019,Current
1572,2709,226,32,10-10-2015,Saving
1573,4548,937,61,27-05-2022,Saving
1574,694,992,68,23-07-2021,Current
1575,3942,164,32,22-05-2017,Current
1576,2695,730,88,11-06-2024,Current
1577,97,163,41,01-01-2025,Current
1578,2706,475,63,06-04-2023,Saving
1579,4907,205,54,29-03-2021,Current
1580,3352,270,22,06-07-2022,Saving
1581,70,181,66,06-01-2020,Current
1582,4224,303,76,10-10-2017,Saving
1583,3329,82,64,20-01-2025,Current
1584,579,998,10,28-05-2023,Current
1585,180,272,96,18-01-2016,Current
1586,1207,17,90,14-12-2022,Saving
1587,4148,122,41,17-07-2022,Current
1588,2474,522,95,10-08-2018,Saving
1589,2907,391,55,06-02-2025,Saving
1590,1887,965,15,31-01-2019,Current
1591,1801,735,7,25-06-2024,Saving
1592,1869,419,62,07-10-2024,Saving
1593,2650,896,81,21-02-2018,Current
1594,1664,839,87,21-04-2023,Current
1595,3260,948,49,12-03-2022,Current
1596,2007,667,90,08-03-2016,Current
1597,1705,945,17,06-12-2015,Current
1598,2164,87,66,12-12-2015,Saving
1599,1082,630,98,01-05-2022,Saving
1600,1197,887,44,29-06-2025,Saving
1601,1306,790,31,17-06-2023,Current
1602,3145,648,95,21-09-2023,Current
1603,1462,396,21,04-12-2023,Saving
1604,3850,471,87,03-07-2016,Current
1605,2402,162,47,12-04-2018,Saving
1606,1180,271,83,31-08-2019,Saving
1607,495,839,58,17-02-2021,Saving
1608,3404,449,99,08-03-2020,Current
1609,4891,288,53,26-06-2020,Current
1610,2023,560,46,15-02-2024,Current
1611,4132,247,20,01-11-2019,Current
1612,2594,805,64,09-12-2021,Saving
1613,918,28,46,11-03-2019,Saving
1614,3792,3,54,24-01-2017,Saving
1615,2986,14,71,22-03-2023,Current
1616,4798,929,90,08-11-2015,Current
1617,139,658,41,31-05-2025,Saving
1618,1974,625,27,25-02-2016,Saving
1619,1135,561,69,17-01-2020,Saving
1620,1917,460,45,23-11-2020,Saving
1621,1979,242,85,30-01-2021,Current
1622,1952,899,48,08-10-2022,Current
1623,2915,267,11,27-04-2018,Current
1624,2961,33,67,13-10-2016,Saving
1625,2577,128,60,04-08-2016,Saving
1626,1104,226,16,05-05-2017,Saving
1627,2558,152,61,05-07-2023,Saving
1628,3477,185,81,06-11-2020,Current
1629,3141,205,37,27-02-2017,Current
1630,4656,801,5,26-08-2018,Saving
1631,3544,123,1,05-02-2019,Saving
1632,1671,675,57,07-09-2022,Saving
1633,489,96,99,20-07-2024,Current
1634,4143,125,77,16-12-2024,Current
1635,3091,951,10,16-07-2024,Saving
1636,1553,564,100,04-08-2017,Saving
1637,3041,293,23,03-12-2016,Saving
1638,3030,502,41,21-07-2021,Current
1639,1319,218,53,07-07-2018,Current
1640,2473,221,61,10-06-2018,Current
1641,93,342,18,11-03-2024,Current
1642,4806,363,66,12-10-2015,Current
1643,3511,238,7,21-08-2023,Current
1644,3747,74,65,15-06-2022,Current
1645,2473,641,57,19-11-2022,Saving
1646,1241,923,21,05-11-2020,Saving
1647,4455,291,84,05-07-2025,Saving
1648,3383,70,88,23-06-2019,Current
1649,4516,347,58,28-12-2022,Current
1650,2858,657,50,17-01-2021,Current
1651,4682,763,35,09-10-2023,Saving
1652,1515,569,3,03-09-2022,Current
1653,1003,90,27,30-08-2015,Current
1654,1428,428,9,29-06-2025,Current
1655,4284,574,72,24-02-2023,Saving
1656,3533,592,30,02-11-2024,Saving
1657,3757,491,60,01-06-2025,Saving
1658,2794,117,24,25-03-2017,Saving
1659,1777,680,66,26-11-2024,Saving
1660,4052,343,20,03-06-2017,Current
1661,341,609,69,17-06-2022,Saving
1662,397,841,60,17-10-2024,Current
1663,3829,988,16,14-02-2018,Current
1664,3926,404,13,30-01-2019,Current
1665,1230,832,89,08-12-2024,Current
1666,1884,233,88,05-04-2020,Current
1667,1046,126,9,11-12-2022,Saving
1668,4503,719,91,20-02-2017,Saving
1669,3864,349,81,10-03-2023,Saving
1670,859,873,86,10-06-2020,Saving
1671,1963,806,4,06-08-2021,Saving
1672,4179,918,72,31-05-2024,Current
1673,3666,55,44,21-11-2020,Saving
1674,3556,8,53,23-07-2021,Current
1675,782,27,31,03-12-2020,Current
1676,3265,861,99,27-08-2018,Saving
1677,172,775,46,21-04-2021,Current
1678,4475,771,69,26-12-2023,Current
1679,1153,178,32,01-09-2024,Current
1680,3388,47,90,24-11-2021,Saving
1681,2916,615,18,09-12-2018,Saving
1682,1112,313,78,12-09-2023,Saving
1683,4844,700,2,25-12-2016,Current
1684,628,837,45,08-08-2021,Current
1685,478,858,33,25-03-2016,Current
1686,2341,524,9,09-11-2017,Current
1687,2172,952,90,29-03-2021,Current
1688,1780,724,32,19-09-2018,Current
1689,4623,913,88,24-04-2021,Saving
1690,1948,559,49,22-12-2016,Saving
1691,749,580,59,16-11-2021,Saving
1692,3755,743,65,13-02-2022,Saving
1693,3960,485,58,02-10-2020,Current
1694,4229,518,33,26-05-2024,Saving
1695,2900,247,13,05-08-2018,Saving
1696,3822,766,69,15-09-2015,Saving
1697,708,211,92,26-10-2019,Current
1698,4869,910,72,24-03-2018,Saving
1699,2858,4,45,10-07-2021,Current
1700,4190,562,52,19-11-2015,Current
1701,4947,520,21,01-07-2020,Current
1702,1810,556,35,17-03-2025,Current
1703,1641,985,51,11-10-2020,Current
1704,896,328,40,26-01-2023,Current
1705,2345,288,49,01-04-2023,Saving
1706,3908,527,20,18-01-2024,Current
1707,2935,171,77,17-11-2019,Saving
1708,3743,81,100,22-09-2020,Saving
1709,3826,456,21,20-06-2023,Current
1710,2503,25,62,28-07-2022,Saving
1711,1357,613,29,15-12-2015,Current
1712,3648,285,61,18-02-2016,Saving
1713,225,218,30,18-06-2017,Saving
1714,2451,750,96,19-01-2016,Saving
1715,1398,932,16,05-05-2018,Current
1716,2293,551,97,06-03-2018,Current
1717,4589,905,2,05-06-2019,Current
1718,4867,899,73,28-05-2020,Current
1719,3892,911,11,14-02-2019,Saving
1720,745,28,53,05-01-2017,Saving
1721,4941,430,22,11-02-2023,Saving
1722,1281,97,62,16-07-2022,Saving
1723,4638,887,62,16-07-2025,Current
1724,1597,521,4,06-10-2021,Current
1725,4439,859,35,01-09-2019,Current
1726,1272,957,79,08-01-2022,Current
1727,2060,908,37,17-10-2015,Saving
1728,1003,596,27,26-08-2022,Saving
1729,2819,565,76,20-01-2025,Current
1730,4930,329,75,29-10-2015,Saving
1731,4684,540,49,15-04-2024,Current
1732,3252,326,25,10-05-2023,Saving
1733,4094,730,27,20-02-2024,Current
1734,2943,284,79,12-09-2018,Saving
1735,1534,608,89,22-12-2022,Saving
1736,4936,688,49,05-08-2020,Saving
1737,1417,158,9,05-09-2023,Current
1738,1296,379,23,30-01-2018,Saving
1739,2515,832,71,15-06-2023,Current
1740,684,167,64,16-04-2025,Saving
1741,3413,645,53,13-04-2018,Current
1742,719,130,6,26-09-2020,Current
1743,794,363,82,26-07-2021,Current
1744,4663,14,39,24-05-2016,Saving
1745,1108,108,45,25-09-2023,Current
1746,3088,41,35,09-08-2020,Current
1747,3096,627,67,30-06-2016,Current
1748,4378,500,73,08-10-2018,Saving
1749,2505,243,16,19-02-2025,Current
1750,4073,616,90,30-07-2016,Saving
1751,915,109,22,09-03-2024,Current
1752,1493,780,25,02-07-2019,Current
1753,469,640,88,12-02-2017,Saving
1754,3647,857,88,01-01-2019,Saving
1755,553,806,55,19-05-2023,Saving
1756,2126,287,81,07-12-2024,Current
1757,3982,559,27,14-09-2016,Current
1758,427,138,32,27-11-2017,Saving
1759,2632,97,27,08-05-2019,Saving
1760,1609,601,92,13-11-2021,Current
1761,3498,67,91,28-12-2017,Current
1762,1651,593,48,24-12-2022,Saving
1763,2389,541,79,27-05-2021,Saving
1764,449,322,40,09-05-2024,Saving
1765,2302,338,79,08-06-2018,Current
1766,3994,654,16,19-03-2018,Current
1767,3264,791,86,24-05-2020,Current
1768,4897,849,63,07-02-2021,Current
1769,2727,607,31,26-02-2021,Current
1770,2295,873,2,22-11-2015,Current
1771,390,637,80,30-06-2017,Current
1772,57,976,22,22-10-2016,Saving
1773,2595,341,85,09-02-2025,Saving
1774,104,213,4,01-06-2022,Saving
1775,4998,569,86,16-11-2017,Current
1776,918,237,99,31-10-2024,Current
1777,4022,167,22,03-11-2015,Saving
1778,3789,142,92,03-12-2024,Saving
1779,4441,253,94,19-08-2022,Saving
1780,1124,39,70,19-11-2019,Current
1781,2826,909,75,05-12-2018,Saving
1782,740,931,52,21-09-2020,Saving
1783,4747,951,68,31-10-2016,Current
1784,1489,276,46,31-03-2024,Current
1785,3625,704,27,31-08-2021,Current
1786,2296,833,21,19-02-2022,Saving
1787,50,210,100,31-08-2024,Current
1788,2679,806,83,27-06-2018,Current
1789,3865,270,54,28-07-2024,Current
1790,1492,213,31,29-12-2016,Current
1791,1668,9,15,07-01-2025,Current
1792,3605,833,78,20-08-2022,Current
1793,807,939,6,08-01-2019,Saving
1794,508,736,58,10-01-2018,Current
1795,189,832,87,01-02-2023,Current
1796,3210,42,49,04-06-2016,Saving
1797,1523,998,75,16-08-2017,Saving
1798,1576,595,87,03-08-2015,Saving
1799,1659,346,9,14-01-2016,Current
1800,4679,879,46,07-06-2019,Saving
1801,2428,254,13,28-06-2020,Saving
1802,3394,169,63,03-07-2022,Current
1803,3545,955,3,29-08-2016,Saving
1804,967,15,71,14-06-2021,Saving
1805,4532,330,7,18-12-2022,Saving
1806,3083,450,60,07-09-2020,Saving
1807,980,545,88,12-04-2017,Current
1808,2476,336,52,10-02-2024,Saving
1809,4463,30,28,15-10-2024,Current
1810,859,978,50,05-06-2017,Current
1811,644,658,6,18-07-2024,Saving
1812,1254,334,56,15-12-2015,Current
1813,2354,541,4,15-08-2023,Current
1814,350,5,87,30-07-2020,Current
1815,78,805,90,13-03-2025,Current
1816,89,354,73,05-05-2021,Saving
1817,975,218,64,19-12-2022,Saving
1818,48,30,29,01-07-2017,Current
1819,88,509,13,13-09-2020,Saving
1820,1819,356,78,22-05-2018,Current
1821,2951,78,69,02-05-2020,Current
1822,822,910,37,28-06-2018,Saving
1823,199,369,3,15-03-2021,Current
1824,3039,121,85,02-11-2015,Current
1825,3395,328,50,26-10-2022,Current
1826,1744,962,40,05-03-2023,Current
1827,4829,779,59,16-03-2023,Saving
1828,2157,56,3,03-01-2018,Current
1829,376,851,58,01-06-2024,Current
1830,1728,65,15,14-09-2022,Saving
1831,1796,887,1,29-04-2018,Current
1832,455,735,26,22-10-2015,Current
1833,1891,884,95,27-02-2018,Current
1834,859,686,32,08-04-2022,Saving
1835,709,309,29,28-10-2017,Saving
1836,2212,91,21,18-12-2021,Current
1837,3943,335,46,17-01-2019,Current
1838,2285,189,88,10-01-2023,Saving
1839,2543,801,66,13-10-2017,Saving
1840,23,234,13,01-11-2024,Current
1841,2808,177,56,29-07-2017,Current
1842,719,375,27,11-07-2020,Saving
1843,2619,845,89,23-05-2019,Saving
1844,1893,793,17,18-08-2024,Saving
1845,1325,882,35,07-09-2015,Saving
1846,238,807,93,28-06-2018,Current
1847,1685,257,86,05-07-2017,Current
1848,836,222,35,16-02-2022,Saving
1849,2543,164,38,05-11-2018,Current
1850,4310,295,6,26-07-2023,Saving
1851,3665,545,78,24-09-2024,Saving
1852,3662,235,16,03-03-2019,Current
1853,3250,176,85,20-04-2017,Current
1854,2446,611,68,07-08-2021,Saving
1855,2073,967,22,24-08-2019,Saving
1856,2705,417,94,28-12-2022,Current
1857,3781,186,12,25-11-2022,Current
1858,1091,354,98,17-07-2024,Current
1859,3029,46,15,16-04-2019,Current
1860,4521,741,34,09-09-2019,Current
1861,1031,619,88,10-11-2017,Current
1862,343,219,48,12-10-2020,Current
1863,121,310,47,09-05-2017,Saving
1864,1253,609,43,05-11-2022,Current
1865,824,242,37,09-10-2022,Current
1866,1126,106,40,23-06-2022,Current
1867,4496,291,38,19-12-2015,Current
1868,1644,628,1,15-03-2022,Current
1869,3091,256,32,23-10-2020,Current
1870,3165,502,36,09-04-2021,Saving
1871,4994,532,31,17-02-2025,Current
1872,952,481,71,08-05-2025,Saving
1873,3402,248,52,01-06-2020,Saving
1874,1965,440,96,10-12-2016,Saving
1875,177,935,66,13-04-2024,Current
1876,3374,437,41,30-10-2017,Current
1877,3881,366,39,06-03-2023,Current
1878,2555,880,96,16-09-2021,Saving
1879,4656,772,75,28-01-2016,Current
1880,3012,70,84,27-12-2016,Saving
1881,2930,823,50,08-03-2019,Saving
1882,1442,941,66,09-05-2020,Saving
1883,4278,595,3,28-08-2023,Saving
1884,3142,845,17,25-02-2023,Current
1885,491,478,2,24-01-2020,Saving
1886,784,434,39,23-11-2023,Saving
1887,1828,16,99,30-10-2020,Current
1888,2707,827,61,10-03-2017,Current
1889,35,885,25,20-05-2017,Saving
1890,3937,656,51,08-01-2018,Saving
1891,3304,562,63,02-11-2018,Saving
1892,577,137,21,09-12-2016,Saving
1893,2414,398,38,15-07-2025,Current
1894,2406,15,81,04-12-2016,Saving
1895,2525,357,81,09-05-2025,Saving
1896,3026,748,41,30-04-2021,Saving
1897,4135,226,22,07-02-2024,Current
1898,3073,55,11,02-07-2022,Current
1899,1519,687,93,19-06-2021,Current
1900,4677,749,68,29-08-2019,Saving
1901,4838,941,39,24-06-2023,Current
1902,1707,430,5,11-01-2019,Saving
1903,260,688,71,23-07-2017,Saving
1904,4640,720,43,09-12-2015,Current
1905,4197,460,36,27-05-2017,Saving
1906,4966,983,35,18-07-2024,Saving
1907,855,927,11,31-05-2024,Current
1908,644,557,34,01-04-2018,Saving
1909,3273,48,33,11-06-2025,Saving
1910,2933,426,17,07-01-2024,Saving
1911,4584,58,14,16-08-2019,Saving
1912,2499,63,82,07-07-2017,Current
1913,4448,185,5,11-04-2017,Current
1914,370,429,40,31-12-2022,Saving
1915,1157,331,64,26-07-2016,Current
1916,3974,269,32,17-05-2025,Saving
1917,4431,197,60,14-12-2018,Saving
1918,1395,868,22,26-06-2025,Current
1919,402,169,39,05-09-2021,Saving
1920,4291,905,21,17-12-2015,Current
1921,2613,40,44,14-03-2025,Saving
1922,882,537,69,13-03-2021,Saving
1923,4938,757,16,05-02-2021,Current
1924,411,424,4,28-12-2017,Saving
1925,3275,41,65,06-09-2019,Saving
1926,1699,335,31,07-10-2015,Current
1927,2291,550,59,21-02-2017,Saving
1928,3104,921,95,08-11-2018,Current
1929,4090,164,28,20-12-2024,Saving
1930,1164,278,66,21-03-2025,Current
1931,319,687,38,20-09-2023,Current
1932,4693,263,77,17-07-2022,Current
1933,3240,578,18,01-01-2020,Current
1934,1419,653,86,01-04-2020,Saving
1935,604,494,4,01-10-2023,Current
1936,1303,158,13,30-12-2017,Saving
1937,3834,720,28,12-07-2020,Current
1938,972,339,81,17-09-2015,Current
1939,1062,650,68,23-11-2021,Saving
1940,3326,952,35,22-01-2022,Saving
1941,907,817,85,07-10-2019,Saving
1942,3012,343,14,31-01-2017,Current
1943,4976,541,75,24-07-2017,Saving
1944,4636,525,10,23-03-2018,Saving
1945,104,677,72,12-07-2020,Saving
1946,1261,127,82,31-12-2021,Saving
1947,1668,173,25,23-08-2021,Current
1948,3714,612,19,16-06-2024,Current
1949,4965,456,72,11-12-2018,Saving
1950,359,743,46,26-09-2016,Current
1951,2462,622,75,09-03-2021,Saving
1952,584,983,2,09-07-2017,Current
1953,2157,976,58,13-06-2025,Saving
1954,4571,197,65,15-08-2022,Saving
1955,32,277,58,31-08-2024,Saving
1956,4732,877,89,08-01-2021,Current
1957,1601,891,85,04-11-2020,Current
1958,1832,588,41,26-01-2018,Current
1959,732,691,93,11-02-2016,Saving
1960,4992,228,68,23-08-2023,Current
1961,2596,153,84,11-03-2017,Current
1962,4110,45,61,03-08-2019,Current
1963,2067,568,19,14-04-2023,Current
1964,1108,385,78,14-09-2016,Current
1965,732,74,25,16-10-2015,Saving
1966,1887,617,35,05-08-2015,Saving
1967,3610,538,48,01-06-2019,Current
1968,1889,718,64,25-02-2020,Current
1969,2296,492,8,16-10-2020,Current
1970,3643,957,37,31-10-2022,Current
1971,4055,672,67,17-08-2017,Saving
1972,1838,244,52,24-11-2022,Saving
1973,3534,65,51,09-08-2017,Saving
1974,4613,509,10,08-10-2020,Saving
1975,2836,187,22,03-06-2017,Saving
1976,4272,917,6,21-05-2017,Current
1977,1803,346,58,19-01-2023,Saving
1978,82,665,79,27-09-2024,Saving
1979,4605,692,100,19-01-2021,Saving
1980,715,561,35,03-03-2017,Saving
1981,3809,150,53,12-10-2017,Saving
1982,2335,645,42,10-04-2024,Saving
1983,3397,437,100,02-08-2024,Saving
1984,2432,521,74,19-05-2018,Saving
1985,1031,535,26,25-07-2021,Saving
1986,598,600,11,06-12-2023,Current
1987,1843,721,98,13-02-2021,Saving
1988,839,165,2,19-11-2018,Saving
1989,1985,561,41,22-07-2020,Saving
1990,4966,654,45,31-07-2015,Current
1991,480,516,90,30-03-2016,Current
1992,3664,87,12,21-04-2020,Saving
1993,528,217,79,31-07-2020,Saving
1994,542,451,74,29-02-2020,Current
1995,1376,253,97,03-10-2019,Current
1996,3795,598,78,13-09-2023,Current
1997,4981,409,35,16-03-2023,Current
1998,2768,584,28,19-01-2025,Current
1999,1634,931,33,08-04-2019,Saving
2000,1989,110,57,05-07-2023,Saving
